{
  "args": {
    "binder_length": 24,
    "candidate_score_mode": "argmax",
    "contact_distance": 20.0,
    "init_temperature": 0.5,
    "num_seeds": 2,
    "output_dir": "docs/results",
    "protenix_cache": "/projects/p32572/Jieke/.cache/protenix",
    "recycling_steps": 1,
    "report_dir": "docs/reports",
    "sampling_steps": 1,
    "seed_start": 0,
    "step_size": 0.25,
    "steps": 3,
    "target_length": 48,
    "target_structure": "IL7RA.cif",
    "trigram_path": "trigram_seg.pkl"
  },
  "candidate_summary": [
    {
      "mean_candidate_bb_pae": 11.747423648834229,
      "mean_candidate_binder_ptm": 0.41439883410930634,
      "mean_candidate_bt_iptm": 0.2891809791326523,
      "mean_candidate_bt_pae": 16.16961145401001,
      "mean_candidate_charge_target_charge_per_residue": 0.0,
      "mean_candidate_ipsae_min": 0.20295533537864685,
      "mean_candidate_iptm": 0.3499588966369629,
      "mean_candidate_loss_binder_ptm": -0.41439883410930634,
      "mean_candidate_loss_binder_target_iptm": -0.2891809791326523,
      "mean_candidate_loss_binder_target_pae": 16.16961145401001,
      "mean_candidate_loss_charge_target": 0.01054444393957965,
      "mean_candidate_loss_ipsae_min": -0.20295533537864685,
      "mean_candidate_loss_iptm": -0.3499588966369629,
      "mean_candidate_loss_plddt": -0.5146557539701462,
      "mean_candidate_loss_protenix_contact": 3.077338457107544,
      "mean_candidate_loss_solubility_limit": 0.10025022178888321,
      "mean_candidate_loss_target_binder_pae": 15.681259632110596,
      "mean_candidate_loss_trigram_naturalness": 3.331876039505005,
      "mean_candidate_loss_within_binder_pae": 11.747423648834229,
      "mean_candidate_plddt": 0.5146557539701462,
      "mean_candidate_solubility_limit_hydrophobic_excess": 0.09583333134651184,
      "mean_candidate_solubility_limit_hydrophobic_mean": 0.3958333432674408,
      "mean_candidate_target_contact": -3.077338457107544,
      "mean_candidate_tb_pae": 15.681259632110596,
      "mean_candidate_trigram_naturalness_trigram_ll": -3.331876039505005,
      "method": "single_protenix_contact",
      "num_candidates": 2
    },
    {
      "mean_candidate_bb_pae": 10.9323091506958,
      "mean_candidate_binder_ptm": 0.40843676030635834,
      "mean_candidate_bt_iptm": 0.2563093639910221,
      "mean_candidate_bt_pae": 16.196192264556885,
      "mean_candidate_charge_target_charge_per_residue": 0.04166666604578495,
      "mean_candidate_ipsae_min": 0.16217398643493652,
      "mean_candidate_iptm": 0.30450065433979034,
      "mean_candidate_loss_binder_ptm": -0.40843676030635834,
      "mean_candidate_loss_binder_target_iptm": -0.2563093639910221,
      "mean_candidate_loss_binder_target_pae": 16.196192264556885,
      "mean_candidate_loss_charge_target": 0.0072805555537343025,
      "mean_candidate_loss_ipsae_min": -0.16217398643493652,
      "mean_candidate_loss_iptm": -0.30450065433979034,
      "mean_candidate_loss_plddt": -0.5030444860458374,
      "mean_candidate_loss_protenix_contact": 3.192451000213623,
      "mean_candidate_loss_solubility_limit": 0.04879586026072502,
      "mean_candidate_loss_target_binder_pae": 14.938746929168701,
      "mean_candidate_loss_trigram_naturalness": 3.353737711906433,
      "mean_candidate_loss_within_binder_pae": 10.9323091506958,
      "mean_candidate_plddt": 0.5030444860458374,
      "mean_candidate_solubility_limit_hydrophobic_excess": 0.03333333134651184,
      "mean_candidate_solubility_limit_hydrophobic_mean": 0.3333333432674408,
      "mean_candidate_target_contact": -3.192451000213623,
      "mean_candidate_tb_pae": 14.938746929168701,
      "mean_candidate_trigram_naturalness_trigram_ll": -3.353737711906433,
      "method": "naive_weighted",
      "num_candidates": 2
    },
    {
      "mean_candidate_bb_pae": 13.091850280761719,
      "mean_candidate_binder_ptm": 0.3433457911014557,
      "mean_candidate_bt_iptm": 0.134708970785141,
      "mean_candidate_bt_pae": 18.11390495300293,
      "mean_candidate_charge_target_charge_per_residue": 0.1666666753590107,
      "mean_candidate_ipsae_min": 0.1327224001288414,
      "mean_candidate_iptm": 0.14167559146881104,
      "mean_candidate_loss_binder_ptm": -0.3433457911014557,
      "mean_candidate_loss_binder_target_iptm": -0.134708970785141,
      "mean_candidate_loss_binder_target_pae": 18.11390495300293,
      "mean_candidate_loss_charge_target": 0.07387778349220753,
      "mean_candidate_loss_ipsae_min": -0.1327224001288414,
      "mean_candidate_loss_iptm": -0.14167559146881104,
      "mean_candidate_loss_plddt": -0.43809232115745544,
      "mean_candidate_loss_protenix_contact": 3.649435043334961,
      "mean_candidate_loss_solubility_limit": 0.006317410850897431,
      "mean_candidate_loss_target_binder_pae": 17.208621978759766,
      "mean_candidate_loss_trigram_naturalness": 2.7761008739471436,
      "mean_candidate_loss_within_binder_pae": 13.091850280761719,
      "mean_candidate_plddt": 0.43809232115745544,
      "mean_candidate_solubility_limit_hydrophobic_excess": -0.09166667610406876,
      "mean_candidate_solubility_limit_hydrophobic_mean": 0.2083333358168602,
      "mean_candidate_target_contact": -3.649435043334961,
      "mean_candidate_tb_pae": 17.208621978759766,
      "mean_candidate_trigram_naturalness_trigram_ll": -2.7761008739471436,
      "method": "normalized_weighted",
      "num_candidates": 2
    },
    {
      "mean_candidate_bb_pae": 13.091850280761719,
      "mean_candidate_binder_ptm": 0.3433457911014557,
      "mean_candidate_bt_iptm": 0.134708970785141,
      "mean_candidate_bt_pae": 18.11390495300293,
      "mean_candidate_charge_target_charge_per_residue": 0.1666666753590107,
      "mean_candidate_ipsae_min": 0.1327224001288414,
      "mean_candidate_iptm": 0.14167559146881104,
      "mean_candidate_loss_binder_ptm": -0.3433457911014557,
      "mean_candidate_loss_binder_target_iptm": -0.134708970785141,
      "mean_candidate_loss_binder_target_pae": 18.11390495300293,
      "mean_candidate_loss_charge_target": 0.07387778349220753,
      "mean_candidate_loss_ipsae_min": -0.1327224001288414,
      "mean_candidate_loss_iptm": -0.14167559146881104,
      "mean_candidate_loss_plddt": -0.43809232115745544,
      "mean_candidate_loss_protenix_contact": 3.649435043334961,
      "mean_candidate_loss_solubility_limit": 0.006317410850897431,
      "mean_candidate_loss_target_binder_pae": 17.208621978759766,
      "mean_candidate_loss_trigram_naturalness": 2.7761008739471436,
      "mean_candidate_loss_within_binder_pae": 13.091850280761719,
      "mean_candidate_plddt": 0.43809232115745544,
      "mean_candidate_solubility_limit_hydrophobic_excess": -0.09166667610406876,
      "mean_candidate_solubility_limit_hydrophobic_mean": 0.2083333358168602,
      "mean_candidate_target_contact": -3.649435043334961,
      "mean_candidate_tb_pae": 17.208621978759766,
      "mean_candidate_trigram_naturalness_trigram_ll": -2.7761008739471436,
      "method": "soft_cone_correction",
      "num_candidates": 2
    }
  ],
  "created_at_utc": "2026-05-06T19:25:41.723602+00:00",
  "git": {
    "branch": "baseline/phase0-mosaic-baselines",
    "commit": "3983a504368d5c19521cd9bff03b2e1133233da5",
    "dirty": null,
    "short_commit": "3983a50"
  },
  "methods": [
    {
      "method_id": "M1",
      "name": "single_protenix_contact"
    },
    {
      "method_id": "M3",
      "name": "naive_weighted"
    },
    {
      "method_id": "M4",
      "name": "normalized_weighted"
    },
    {
      "method_id": "M6",
      "name": "soft_cone_correction"
    }
  ],
  "oracles": [
    "protenix_contact",
    "solubility_limit",
    "charge_target",
    "trigram_naturalness"
  ],
  "run_id": "phase0_protenix_update_geometry_3983a50_20260506T192541Z",
  "summary": [
    {
      "mean_final_entropy": 2.5170198678970337,
      "mean_final_loss_charge_target": 0.007034247508272529,
      "mean_final_loss_protenix_contact": 2.8836495876312256,