{
  "args": {
    "binder_length": 24,
    "candidate_score_mode": "argmax",
    "contact_distance": 20.0,
    "init_temperature": 0.5,
    "num_seeds": 2,
    "output_dir": "docs/results",
    "protenix_cache": "/projects/p32572/Jieke/.cache/protenix",
    "recycling_steps": 1,
    "report_dir": "docs/reports",
    "sampling_steps": 1,
    "seed_start": 0,
    "step_size": 0.25,
    "steps": 3,
    "target_length": 48,
    "target_structure": "IL7RA.cif",
    "trigram_path": "trigram_seg.pkl"
  },
  "candidate_summary": [
    {
      "mean_candidate_bb_pae": 10.532704830169678,
      "mean_candidate_binder_ptm": 0.48935768008232117,
      "mean_candidate_bt_iptm": 0.4018288254737854,
      "mean_candidate_bt_pae": 14.0658860206604,
      "mean_candidate_charge_target_charge_per_residue": -0.0416666679084301,
      "mean_candidate_ipsae_min": 0.17829953879117966,
      "mean_candidate_iptm": 0.4318762421607971,
      "mean_candidate_loss_binder_ptm": -0.48935768008232117,
      "mean_candidate_loss_binder_target_iptm": -0.4018288254737854,
      "mean_candidate_loss_binder_target_pae": 14.0658860206604,
      "mean_candidate_loss_charge_target": 0.010336111299693584,
      "mean_candidate_loss_ipsae_min": -0.17829953879117966,
      "mean_candidate_loss_iptm": -0.4318762421607971,
      "mean_candidate_loss_plddt": -0.5731284320354462,
      "mean_candidate_loss_protenix_contact": 2.922681450843811,
      "mean_candidate_loss_solubility_limit": 0.03685915842652321,
      "mean_candidate_loss_target_binder_pae": 13.698497772216797,
      "mean_candidate_loss_trigram_naturalness": 3.214621901512146,
      "mean_candidate_loss_within_binder_pae": 10.532704830169678,
      "mean_candidate_plddt": 0.5731284320354462,
      "mean_candidate_solubility_limit_hydrophobic_excess": 0.012500002980232239,
      "mean_candidate_solubility_limit_hydrophobic_mean": 0.3125000149011612,
      "mean_candidate_target_contact": -2.922681450843811,
      "mean_candidate_tb_pae": 13.698497772216797,
      "mean_candidate_trigram_naturalness_trigram_ll": -3.214621901512146,
      "method": "single_protenix_contact",
      "num_candidates": 2
    },
    {
      "mean_candidate_bb_pae": 9.709117889404297,
      "mean_candidate_binder_ptm": 0.474192351102829,
      "mean_candidate_bt_iptm": 0.3136295825242996,
      "mean_candidate_bt_pae": 14.280773639678955,
      "mean_candidate_charge_target_charge_per_residue": 0.04166666604578495,
      "mean_candidate_ipsae_min": 0.186484232544899,
      "mean_candidate_iptm": 0.36126570403575897,
      "mean_candidate_loss_binder_ptm": -0.474192351102829,
      "mean_candidate_loss_binder_target_iptm": -0.3136295825242996,
      "mean_candidate_loss_binder_target_pae": 14.280773639678955,
      "mean_candidate_loss_charge_target": 0.0072805555537343025,
      "mean_candidate_loss_ipsae_min": -0.186484232544899,
      "mean_candidate_loss_iptm": -0.36126570403575897,
      "mean_candidate_loss_plddt": -0.5419817864894867,
      "mean_candidate_loss_protenix_contact": 2.938163161277771,
      "mean_candidate_loss_solubility_limit": 0.06508496217429638,
      "mean_candidate_loss_target_binder_pae": 14.16478157043457,
      "mean_candidate_loss_trigram_naturalness": 3.130704164505005,
      "mean_candidate_loss_within_binder_pae": 9.709117889404297,
      "mean_candidate_plddt": 0.5419817864894867,
      "mean_candidate_solubility_limit_hydrophobic_excess": 0.05416665971279144,
      "mean_candidate_solubility_limit_hydrophobic_mean": 0.3541666716337204,
      "mean_candidate_target_contact": -2.938163161277771,
      "mean_candidate_tb_pae": 14.16478157043457,
      "mean_candidate_trigram_naturalness_trigram_ll": -3.130704164505005,
      "method": "naive_weighted",
      "num_candidates": 2
    },
    {
      "mean_candidate_bb_pae": 11.390307903289795,
      "mean_candidate_binder_ptm": 0.38299793004989624,
      "mean_candidate_bt_iptm": 0.2537839934229851,
      "mean_candidate_bt_pae": 15.89915132522583,
      "mean_candidate_charge_target_charge_per_residue": 0.08333333395421505,
      "mean_candidate_ipsae_min": 0.12727989256381989,
      "mean_candidate_iptm": 0.27305520325899124,
      "mean_candidate_loss_binder_ptm": -0.38299793004989624,
      "mean_candidate_loss_binder_target_iptm": -0.2537839934229851,
      "mean_candidate_loss_binder_target_pae": 15.89915132522583,
      "mean_candidate_loss_charge_target": 0.0022805554181104526,
      "mean_candidate_loss_ipsae_min": -0.12727989256381989,
      "mean_candidate_loss_iptm": -0.27305520325899124,
      "mean_candidate_loss_plddt": -0.47554178535938263,
      "mean_candidate_loss_protenix_contact": 3.2703237533569336,
      "mean_candidate_loss_solubility_limit": 0.053148260340094566,
      "mean_candidate_loss_target_binder_pae": 14.668121814727783,
      "mean_candidate_loss_trigram_naturalness": 3.223189115524292,
      "mean_candidate_loss_within_binder_pae": 11.390307903289795,
      "mean_candidate_plddt": 0.47554178535938263,
      "mean_candidate_solubility_limit_hydrophobic_excess": 0.03333333134651184,
      "mean_candidate_solubility_limit_hydrophobic_mean": 0.3333333432674408,
      "mean_candidate_target_contact": -3.2703237533569336,
      "mean_candidate_tb_pae": 14.668121814727783,
      "mean_candidate_trigram_naturalness_trigram_ll": -3.223189115524292,
      "method": "contact_preserving_soft_cone",
      "num_candidates": 2
    },
    {
      "mean_candidate_bb_pae": 11.722527503967285,
      "mean_candidate_binder_ptm": 0.3819475471973419,
      "mean_candidate_bt_iptm": 0.18583907932043076,
      "mean_candidate_bt_pae": 16.43427801132202,
      "mean_candidate_charge_target_charge_per_residue": 0.1250000037252903,
      "mean_candidate_ipsae_min": 0.08697737753391266,
      "mean_candidate_iptm": 0.19335465878248215,
      "mean_candidate_loss_binder_ptm": -0.3819475471973419,
      "mean_candidate_loss_binder_target_iptm": -0.18583907932043076,
      "mean_candidate_loss_binder_target_pae": 16.43427801132202,
      "mean_candidate_loss_charge_target": 0.047627778723835945,
      "mean_candidate_loss_ipsae_min": -0.08697737753391266,
      "mean_candidate_loss_iptm": -0.19335465878248215,
      "mean_candidate_loss_plddt": -0.46959981322288513,
      "mean_candidate_loss_protenix_contact": 3.512329936027527,
      "mean_candidate_loss_solubility_limit": 0.007674285676330328,
      "mean_candidate_loss_target_binder_pae": 15.638187885284424,
      "mean_candidate_loss_trigram_naturalness": 2.7695757150650024,
      "mean_candidate_loss_within_binder_pae": 11.722527503967285,
      "mean_candidate_plddt": 0.46959981322288513,
      "mean_candidate_solubility_limit_hydrophobic_excess": -0.07083334028720856,
      "mean_candidate_solubility_limit_hydrophobic_mean": 0.2291666716337204,
      "mean_candidate_target_contact": -3.512329936027527,
      "mean_candidate_tb_pae": 15.638187885284424,
      "mean_candidate_trigram_naturalness_trigram_ll": -2.7695757150650024,
      "method": "normalized_weighted",
      "num_candidates": 2
    },
    {
      "mean_candidate_bb_pae": 11.722527503967285,
      "mean_candidate_binder_ptm": 0.3819475471973419,
      "mean_candidate_bt_iptm": 0.18583907932043076,
      "mean_candidate_bt_pae": 16.43427801132202,
      "mean_candidate_charge_target_charge_per_residue": 0.1250000037252903,
      "mean_candidate_ipsae_min": 0.08697737753391266,
      "mean_candidate_iptm": 0.19335465878248215,
      "mean_candidate_loss_binder_ptm": -0.3819475471973419,
      "mean_candidate_loss_binder_target_iptm": -0.18583907932043076,
      "mean_candidate_loss_binder_target_pae": 16.43427801132202,
      "mean_candidate_loss_charge_target": 0.047627778723835945,
      "mean_candidate_loss_ipsae_min": -0.08697737753391266,
      "mean_candidate_loss_iptm": -0.19335465878248215,
      "mean_candidate_loss_plddt": -0.46959981322288513,
      "mean_candidate_loss_protenix_contact": 3.512329936027527,